,0,1,2,3
[37 60],-5.0,0.0,-0.05,0.0
[37 59],-0.13137500000000002,-5.0,-7.53375,-5.0
[36 59],-0.1325,-0.12000000000000002,-7.5,-5.0
[35 59],-7.5225,-0.107625,-0.11000000000000001,-7.5225
[35 58],-5.0,-5.0,-0.13137500000000002,-0.0975
[35 57],-7.543875,-5.0,-0.12125000000000001,-0.12000000000000002
[35 56],-5.0,-7.5,-0.1325,-0.107625
[35 55],-5.0,-0.08750000000000001,-0.13875000000000004,-0.11887500000000002
[35 54],-7.53375,-5.0,-0.12125000000000002,-0.13875000000000004
[36 55],-0.0975,-0.08750000000000001,-5.0,-8.7725
[35 53],-5.0,-0.1275,-5.0,-0.15950000000000003
[36 53],-0.17250000000000001,-0.142625,-5.0,-7.5
[37 53],-0.1767125,-7.5,-0.1325,-5.0
[37 52],-5.0,-7.5225,-0.16943750000000002,-0.16236875
[37 51],-5.0,-7.5,-0.16518750000000004,-0.17905625
[37 50],-5.0,-5.0,-0.16518750000000004,-0.19443750000000004
[37 49],-0.18141281250000002,-5.0,-8.8158125,-0.20577187500000002
[36 49],-0.20262500000000003,-0.20220000000000002,-7.5707878125,-8.800625
[35 49],-8.800625,-0.20679875,-0.18715625000000002,-0.19462500000000005
[35 50],-7.5225,-5.0,-0.21556406250000004,-0.21582546875000003
[35 51],-7.5225,-7.53375,-0.22458640625000004,-5.0
[35 48],-7.53375,-7.532625,-0.22404380468750001,-0.222588125
[35 47],-5.0,-5.0,-7.561396875,-0.23347475
[37 55],-0.12000000000000002,-5.0,-7.5,-0.05
[37 56],-5.0,0.0,0.0,-0.11000000000000001
[37 57],-5.0,-0.07500000000000001,-0.07500000000000001,-5.0
[38 57],-0.07250000000000001,-0.07500000000000001,-5.0,0.0
[39 57],-0.05,-0.07500000000000001,-5.0,-0.1325
[39 58],-5.0,-5.0,-0.0975,-0.11000000000000001
[39 59],-5.0,-7.5,-0.0975,-0.13137500000000002
[40 57],-0.10875000000000001,-0.07500000000000001,-7.5,-5.0
[39 60],-5.0,-5.0,-0.10875000000000001,-0.1325
[41 57],-0.107625,-5.0,0.0,0.0
[39 61],-0.12125000000000002,-9.408750000000001,-0.10875000000000001,-0.16012500000000002
[39 62],-7.5225,-7.557375,-0.15275,-0.13625
[39 63],-0.0975,-0.08750000000000001,-0.180965625,-5.0
[38 61],-0.16943750000000002,-0.1325,-7.543875,-7.543875
[37 61],-0.24230390625000003,-0.17450000000000002,-7.5,-5.0
[36 61],-0.21234375000000003,-0.21403125000000003,-5.0,-7.5225
[35 61],-0.21882656250000002,-0.24118593750000003,-7.543875,-9.470062500000001
[34 61],-0.17815625000000002,-0.24285796875000001,-8.8090625,-8.783750000000001
[33 61],-8.839437499999999,-0.1969578125,-0.25202390625000004,-5.0
[33 60],-8.86466421875,-7.5761034375,-0.27454964062500004,-0.21298359375
[38 63],-0.05,-0.07500000000000001,-7.5,-5.0
[37 63],-0.05,-0.05,-5.0,-5.0
[36 63],0.0,-0.05,-5.0,0.0
[40 63],-0.12000000000000002,-0.142625,-7.5,-7.5
[33 59],-10.14088627734375,-7.53375,-0.27425257812500003,-0.263669765625
[33 58],-5.0,-5.0,-0.2722354453125,-0.2781368515625
[33 57],-7.55855625,-8.82543125,-0.2782154296875,-0.27478602421875004
[33 56],-5.0,-8.89407294921875,-0.30946460566406253,-0.21527695312500006
[33 55],-10.010838374999999,-8.800062500000001,-0.26542560937500004,-0.2786253515625
[33 54],-8.856866703125,-5.0,-0.30166070703125003,-0.272351390625
[33 53],-10.000895132812499,-10.03084660546875,-0.28051238281250007,-0.27597523437500004
[33 52],-9.508003124999998,-8.911672484375,-0.290468212109375,-0.3009271250000001
[33 51],-5.0,-5.0,-0.3158781638671876,-0.3158782671875001
[33 50],-7.6204223203125,-7.559625,-0.32064935742187506,-0.3280096989257813
[33 49],-5.0,-5.0,-0.3588923388447266,-0.3444288462011719
[33 48],-9.579334595507813,-10.068720737282227,-0.3529693467382813,-0.36811607132568364
[33 47],-0.3842836476316407,-8.8577046875,-8.8575640625,-0.3760052490004883
[32 47],-0.4002101563701417,-0.391211397159668,-7.57914375,-7.6021516875
[31 47],-0.42108730165280767,-0.4059440628654786,-5.0,-10.104761491149903
[30 47],-0.4255666944764478,-0.41724130866193854,-7.53375,-7.631794923164063
[29 47],-0.44806827866883514,-0.4264270831064771,-8.95917131271875,-8.976951178374511
[28 47],-0.4382485505010365,-0.4404699779666035,-7.543875,-9.60444931772168
[27 47],-0.42912390557573227,-0.45249736316922906,-9.947554868827638,-10.136379191210938
[26 47],-0.39595332792534677,-0.4530732961496704,-9.52219004296875,-10.142661034925048
[25 47],-9.630430011679497,-0.4102461138446778,-0.416282152470459,-9.512503125
[25 46],-9.5307590625,-9.884952705078124,-0.38710366269042973,-0.36716375419311525
[25 45],-9.95363746736328,-0.35902769472656254,-7.5,-0.3839557911376954
[26 45],-0.36313202203564454,-0.3619751167578125,-7.5777515625,-5.0
[27 45],-0.3703130754394532,-5.0,-0.3574017871484375,-7.581749671875
[27 44],-7.5710409375,-8.927671979360351,-0.35851324573437504,-0.3777674034423829
[27 43],-0.3290502040625,-8.816459375,-9.876409702929688,-0.3730208826977539
[26 43],-0.33284142073242196,-0.33797556875,-8.90533353125,-7.6135747828125
[25 43],-0.329527414453125,-0.3528833870507813,-9.457265625000002,-9.590687670732422
[24 43],-0.3556138977734375,-0.3551436598828126,-7.5710409375,-7.5225
[23 43],-0.34311356601562504,-0.36734029848242195,-8.830296875,-0.33252888476562503
[22 43],-0.31752841050781255,-0.3531605586914063,-7.5225,-8.918868741992188
[23 44],-9.87777170703125,-9.51851934375,-0.33324123054687504,-0.30779848554687506
[21 43],-5.0,-0.3193615800781251,-7.5,-5.0
[23 45],-0.3134833605468751,-7.554,-0.31407202343750007,-5.0
[22 45],-0.3263967143554688,-0.3041684414062501,-5.0,-9.553383287109376
[21 45],-0.30380805781250003,-0.31604203417968757,-7.5879271875,-8.897032858496093
[20 45],-0.264355875,-0.3178530482421876,-5.0,-7.54843125
[19 45],-7.5,-0.26824042968750006,-0.25882390625000007,-7.59145828125
[19 44],-5.0,-9.721250000000001,-0.22458640625000004,-0.26114210937500004
[19 43],-0.2512828125,-5.0,-7.532625,-0.21679578125000004
[18 43],-0.254705,-0.25588778906250004,-8.8481703125,-5.0
[17 43],-8.8791190625,-0.27397610234375,-0.24667031250000002,-0.282823109375
[17 44],-8.7725,-7.5225,-0.28671441406250003,-0.272723984375
[17 45],-0.302370876171875,-5.0,-0.27145625000000007,-9.45403125
[17 42],-5.0,-7.543875,-0.21976437500000004,-0.2559726562500001
[17 41],-0.21379765625000002,-9.473139375,-7.5225,-0.22214375000000003
[16 41],-0.220843265625,-0.21490156250000003,-5.0,-9.792124999999999
[15 41],-8.8759296875,-0.22098796874999999,-8.871562015625,-0.22910630468750004
[15 42],-9.509481304687501,-9.4793296875,-0.23739242187500004,-0.23278484375000003
[15 43],-5.0,-5.0,-0.22061093750000005,-5.0
[16 45],-0.29495444140625005,-0.27154085937500005,-7.60242421875,-8.9070992890625
[15 45],-9.5302215234375,-0.29550952343750003,-5.0,-0.28265822304687505
[15 46],-7.5489375,-7.5710409375,-0.29681918164062504,-0.28486839453125
[15 47],-0.290468391796875,-8.793875,-0.31397341015625,-8.827709375
[14 47],-0.30586103515625,-0.31553281716796877,-8.908322691406251,-7.5766125
[13 47],-5.0,-0.316196779296875,-0.29860711835937503,-7.571521875
[13 46],-8.846215625,-9.546665258203126,-0.33966671783496094,-0.3342525403320313
[13 45],-7.5225,-7.5225,-0.34350757396484377,-0.3569339007714844
[13 44],-9.5484355546875,-9.877594189589843,-0.3868743537822876,-0.3646696213964844
[13 43],-10.168672883802003,-10.212200097962159,-0.3962064527441163,-0.3917145625894776
[13 42],-7.5624375,-9.889719910156249,-0.4055600563898927,-0.41397000455097666
[13 41],-0.3959806412273926,-5.0,-9.602954706117188,-0.41668590183325693
[12 41],-0.36997744818652345,-0.39229862032812507,-9.615614293930665,-8.86199375
[11 41],-0.372336180703125,-0.38268283386669927,-8.887739301171875,-7.5489375
[10 41],-0.346446458194336,-0.3828141979138184,-8.8378625,-8.8420953125
[ 9 41],-5.0,-0.3505065229101563,-0.33085704388671877,-5.0
[ 9 40],-8.8831868515625,-7.5225,-0.30600043007812505,-0.33601136928710945
[ 9 39],-10.037157925781251,-0.29161693242187503,-8.85771875,-0.3290099357226563
[10 39],-0.31052435390625005,-0.29071793046875005,-8.879215330859376,-9.853637187499999
[11 39],-0.30395278730468756,-7.581749671875,-0.3228323042578125,-8.8888170546875
[11 38],-5.0,-7.5,-0.33302982617187504,-0.3238935273046875
[11 37],-0.31819941503906257,-9.787428125,-9.931173813468654,-0.34492257643847657
[10 37],-0.32187108105468754,-0.34231204021669925,-7.5,-9.940071144921877
[ 9 37],-0.3467253932451172,-0.344202516046875,-7.5854859375,-8.913818544921874
[ 8 37],-0.3464905426757813,-0.36095971948730476,-5.0,-8.820171875
[ 7 37],-0.334254072769043,-0.3594167741923829,-5.0,-9.92811484447754
[ 6 37],-0.3172557703125001,-0.32493597440917976,-8.928559994726562,-7.5726609375
[ 5 37],-7.5225,-0.32913234749121095,-5.0,-0.28436717187500005
[ 5 38],-8.82340625,-9.871194246875,-0.27421439843750006,-0.268261953125
[ 5 39],-0.27203984375,-8.854203125,-0.2941410910156251,-9.848807421875001
[ 4 39],-0.3041293990332032,-0.3052434175390626,-8.93329595205078,-7.5953578125
[ 3 39],-9.4970625,-0.3176417723632813,-0.32931311445312506,-8.836371875
[ 3 38],-9.8273471328125,-9.586430872265625,-0.28817329687500004,-0.30548107226562504
[ 3 37],-0.31312490742187504,-7.5900675,-9.51437765625,-0.323630333203125
[ 2 37],-0.3565221844189454,-0.33853447734375003,-8.912398606835938,-8.834093750000001
[ 1 37],-8.874482867187501,-0.3606191166503907,-0.35542272679687503,-9.5363828671875
[ 1 36],-10.179748883046875,-9.52791706640625,-0.41218212160327156,-0.3597828128320313
[ 1 35],-10.124364012895537,-0.44297326166033024,-0.4152522036223389,-0.3953464397973634
[ 2 35],-0.4256720772700196,-0.43462835361971197,-10.213674627299756,-9.599837709262648
[ 1 34],-9.896884616796875,-7.5936871875,-0.4162797176136963,-0.4225239272055735
[ 1 33],-9.7971734375,-9.614294299557265,-0.4196356772209717,-0.4309051764225469
[ 1 32],-9.64434451302887,-8.922118481679687,-0.389320144604004,-0.43120446845265226
[ 1 31],-8.921487416493653,-0.3845181754003907,-8.949011594726564,-0.40981213313891607
[ 3 35],-0.43767241739494633,-0.43272616254785157,-9.51993547265625,-8.87932609765625
[ 4 35],-0.44921359293528085,-0.4479481077984241,-8.95938436972007,-10.131955171409523
[ 5 35],-0.45772175410022586,-0.45690703730234383,-10.014010501645451,-8.783750000000001
[ 6 35],-0.47191413643730107,-0.4707110321562904,-7.671835007896143,-8.800625
[ 2 31],-0.40422324422495853,-0.3880967379980469,-9.84048171875,-10.112756263671876
[ 3 31],-0.411616351911377,-10.080789330834886,-0.40615434934912115,-0.42847823865778206
[ 3 32],-9.938586514941406,-7.5225,-0.43442430962025147,-0.40199769632685556
[ 3 33],-9.957461130408888,-8.950134777097022,-0.41089245085156256,-9.56167107421875
[ 3 30],-10.061600639062501,-9.620406294074707,-0.4244112251081543,-0.4108339106628419
[ 3 29],-0.4411493423160113,-9.85537021484375,-9.524195703515625,-0.43212947095568854
[ 2 29],-0.43844701186447094,-0.44970195625620124,-10.010050061985602,-5.0
[ 1 29],-9.623097056835938,-0.46875899154542733,-0.4281196084410279,-9.893234983203126
[ 1 28],-8.78375,-7.5,-0.42997781670007335,-0.44593507474304267
[ 1 27],-7.5495,-0.41869401315658084,-7.67445496351355,-0.43083851430542003
[ 2 27],-0.4306237638687134,-0.42011296158257205,-8.926713390546874,-9.933582545319648
[ 3 27],-0.43205718273758553,-9.934213895197754,-0.4118774209890137,-7.571521875
[ 3 26],-9.67614652543396,-10.15312308793396,-0.42852344908175666,-0.39313286499877936
[ 3 25],-9.618970528859418,-9.869387839296875,-0.4148054603251282,-0.4266677552171021
[ 3 24],-8.832814062499999,-9.013452254386408,-0.4360668594900379,-0.42207469487731936
[ 3 23],-0.4645540345588796,-9.913225532351415,-7.58943328125,-0.43626755077968143
[ 2 23],-0.4681462794129626,-0.45546641513214053,-9.580755006329582,-7.5225
[ 1 23],-9.950287067573292,-0.47008870216403975,-7.631261958984375,-0.4939070630486535
[ 1 24],-10.376963588097308,-5.0,-0.4748850151063304,-0.4723784583647523
[ 1 25],-9.658240306940197,-9.623849454120117,-0.48223078112615697,-7.601958046875
[ 7 35],-0.4857679125128293,-0.47739992941870335,-7.5225,-10.158313982356933
[ 8 35],-0.4929319957344639,-0.45932055487991463,-8.91117280859375,-9.885012417968749
[ 9 35],-0.47033651284333544,-0.4445057485189632,-9.546119882812501,-7.668765128121973
[10 35],-0.45399434786137705,-0.46641280414020303,-9.990803709418092,-5.0
[11 35],-0.47101810560757335,-0.4620364792630793,-9.599384312988281,-9.505301040234375
[12 35],-0.4776706920927049,-0.4458312432357789,-5.0,-9.994316928652538
[13 35],-0.4663579933835724,-0.4493531251772095,-10.139947672186889,-0.4479266541799256
[14 35],-0.45250886311263616,-0.42294691824145514,-9.935097428411144,-5.0
[13 36],-10.085129974775391,-10.269920724452653,-0.46084674860627417,-0.4546193639409193
[13 37],-7.593965625,-9.925818839177978,-0.469628617881941,-0.42379324588025036
[13 38],-7.5545625,-8.86710828125,-0.44182649789400924,-0.4166316903871778
[15 35],-0.42634199290976565,-0.3838937018090821,-10.079737438623047,-10.124337767639283
[16 35],-0.387470663237096,-0.41080124622346204,-7.644988883217773,-7.6212586453125
[17 35],-0.382628839161377,-9.930703456325807,-9.840802203125,-0.38487368223339846
[17 36],-9.586056509179688,-8.882785931445312,-0.3874738202263184,-0.35603939622451175
[17 37],-0.3930529167539356,-5.0,-0.37330868612695317,-9.62566068491953
[16 37],-0.38967538902346194,-0.3899378741797852,-9.879939409765626,-10.243922975651124
[15 37],-8.985276801630883,-0.38079939679370123,-5.0,-7.614774078867187
[13 39],-9.93701960562144,-0.3938210006507374,-0.42904499697155773,-5.0
[14 39],-0.40420541113856695,-0.3607680779266602,-7.543875,-8.934283135066998
[15 39],-0.37876855342546634,-0.3592601165263673,-10.07187325390625,-5.0
[16 39],-0.37603973236513677,-0.3813304628005372,-8.78375,-8.907359326181153
[17 39],-0.39295308703417975,-0.382463534765625,-8.84225,-8.863399999999999
[18 39],-0.39973835731655283,-0.36838586726806644,-10.21492308900708,-8.8477371875
[19 39],-0.4128805640819092,-0.40386473739006357,-8.925227786035157,-0.3639775280996094
[20 39],-0.40996260089667974,-0.3578766517578126,-9.962707591246264,-9.90597391015625
[21 39],-0.33877539453125005,-0.3324412575195313,-8.8496890625,-9.841375443359375
[22 39],-0.3406953921875,-0.3304150625000001,-7.5783984375,-9.565836257519532
[23 39],-0.3320944976562501,-0.30646449609375004,-8.80625,-9.522603392578125
[24 39],-0.2998846875,-0.3324669245117188,-9.55760015625,-9.54364453125
[25 39],-0.3368784951171876,-0.38620189743896494,-9.899224384765624,-5.0
[26 39],-0.34823366601562505,-0.3725847722607422,-9.897488472851563,-10.0014328125
[27 39],-0.3791497072998047,-10.151731422456056,-0.36582305843554697,-8.910543057214355
[27 38],-9.922628620087401,-8.800625,-0.42888191388780383,-0.38968369496337896
[27 37],-0.4163326723169528,-9.574268680403321,-9.96849192661461,-0.41355002465167245
[26 37],-0.42722670443521005,-0.42607083338217777,-7.681793284865365,-8.921066771318163
[25 37],-7.610187235546875,-0.4341630623561976,-7.532625,-9.985761333640324
[19 40],-8.8635125,-8.8635125,-0.3769202337229005,-0.3431424409570313
[19 41],-7.543875,-0.3729471498779297,-0.34819696954101564,-9.494929536914062
[20 41],-0.37556819830517585,-0.3594380443554688,-10.021393828125,-9.588809186425781
[21 41],-0.3771054426946777,-0.32243904550781255,-8.905711765039063,-9.91518088493164
[22 41],-0.3249681263671875,-0.30204634775390626,-8.9196021875,-8.9053999765625
[23 41],-0.3081965390625001,-0.31078324453125,-7.5857390625,-9.578777832128907
[24 41],-0.32360300976562506,-0.301163814453125,-7.614059548828125,-8.924095024414063
[25 41],-0.31039014160156253,-0.2808067578125001,-5.0,-8.91549681640625
[26 41],-0.2941928515625,-0.28318965234375004,-7.557375,-8.848803125
[27 41],-0.30225038671875004,-0.2857173125,-9.550202497265625,-9.4795828125
[28 41],-0.29943667695312504,-0.30723888476562505,-7.6149657890625,-7.5795375
[29 41],-0.31269546875,-0.29491361328125004,-10.189376704101562,-0.33230014352539067
[29 42],-5.0,-9.563352357363282,-0.3342374934570313,-0.36136271776611334
[30 41],-0.3123609921875,-0.312985899609375,-7.616949796875,-7.579284375
[31 41],-0.32611305,-0.3276123875996094,-5.0,-8.86348578125
[32 41],-0.31945963847656256,-0.3333381805664063,-9.548357620998047,-9.596055585793946
[33 41],-0.3404754386132813,-10.056843381972655,-7.5,-0.34250395582031257
[29 43],-9.489215625,-9.973265625,-0.35423549992675785,-0.3584565301074219
[29 44],-10.166901640625,-10.170431683144532,-0.36408287945263673,-0.33615975784179686
[29 45],-8.900064927734375,-0.3369434673828125,-0.3444321222558594,-5.0
[30 45],-0.35503880847851566,-0.3447676471582032,-7.593630234375,-9.4408125
[31 45],-0.35795804389833985,-0.37875580437451173,-8.837834375,-8.88495805859375
[32 45],-0.34851139560058597,-0.43170111031772457,-9.481171875000001,-10.196413697040283
[33 45],-0.4002690547749023,-0.40678774828437503,-8.970641411541992,-9.60079218290171
[34 45],-0.4090582352763916,-0.4339714141980627,-7.66689930466289,-9.003356850091315
[35 45],-0.44107939507163824,-7.645740996298828,-0.4427453396211988,-10.002122609548818
[35 44],-9.61524925845703,-9.966790063623733,-0.4390775698856012,-0.4569148881110303
[35 43],-9.604076681933392,-10.162182289717094,-0.4363712117066602,-0.46012480374953324
[35 42],-9.956002981465588,-9.650772020041309,-0.4714560359962541,-0.4594007030194337
[35 41],-9.551012318144533,-7.665558607356006,-0.4452396683964368,-0.4722862981487104
[35 40],-9.48928453125,-8.948067520691957,-0.44414600066314214,-0.4586555026671461
[35 39],-7.543875,-0.44880405795559075,-9.976430618889111,-0.45325631468160665
[36 39],-0.45391021097597994,-0.4481450479802676,-7.660631743493409,-9.625306701506105
[37 39],-0.46224158521380443,-9.477290625,-9.683618857577738,-0.4427225192737059
[37 40],-7.5495,-9.552749460968116,-0.465614187088465,-0.4431721163823359
[37 41],-8.93820779391302,-7.651601574990234,-0.4595533920575342,-0.4441925423270875
[37 42],-10.124089170870409,-7.65004587252041,-0.44770014040064726,-0.42334836201562503
[37 43],-9.930384097883545,-0.43322078941053227,-0.4509556599786834,-0.4384173169243226
[38 43],-0.41825618356860356,-0.44072053893034735,-8.97649936221582,-9.626311903526513
[39 43],-0.4431003301416261,-0.47153712143882176,-5.0,-8.8158125
[40 43],-0.466413282261388,-0.4577570466364566,-8.75,-10.23287624458205
[37 44],-8.87749480859375,-9.928424768959411,-0.4647278847085708,-0.4658974575724827
[37 45],-9.611070115193188,-9.690788406831139,-0.48024642039619325,-0.485141838758017
[37 46],-8.879116250000001,-10.291842477631103,-0.4962232557417862,-0.49415244114851176
[37 47],-9.511049765625,-0.497914917838855,-0.5064892576118561,-8.976939577791915
[38 47],-0.5223034125000825,-0.5159758700082464,-5.0,-8.912259626357422
[39 47],-0.5384143070628855,-0.5254735233190311,-8.99887330365651,-10.24183944111569
[40 47],-0.5442813496182466,-0.5231543710080322,-10.167758649137946,-9.868955345703124
[41 47],-0.5411952731823393,-9.719657824634885,-9.700542938313102,-0.5296261790981383
[41 48],-10.18433417870575,-9.94019383701259,-0.537349804279259,-0.5139057411122318
[41 49],-0.5124889511086519,-0.4974912040101768,-0.5267527872577126,-9.638076186935677
[42 49],-0.5025428448514422,-0.4951619810208141,-10.315490943287356,-10.127591808659034
[40 49],-0.5288526332368655,-0.5202804827505418,-9.726595964635905,-9.705601283280586
[43 49],-0.5082466991913828,-9.630999206227148,-8.859063335937499,-0.49170483203518367
[43 50],-7.703676079395303,-5.0,-0.51214090203386,-0.49752211145821557
[43 51],-10.020314705664177,-8.895382484375,-0.5066031452293411,-0.5028474238510274
[43 52],-9.572430076762208,-7.56496875,-0.5002124667243842,-0.4719950228355949
[43 53],-0.4874903471332723,-10.228724414793085,-0.4954821136502843,-8.98245142486537
[42 53],-0.4869690547064829,-0.5020849646843348,-10.1678462625,-9.978048446324324
[41 53],-9.555832187913575,-0.4988867471592792,-0.5238888992424082,-7.6199421421875
[41 52],-10.05343795952921,-9.072617032802384,-0.5092635788202778,-0.5141813363634058
[41 51],-8.970318781652498,-7.608450703125,-5.0,-0.5174034519789485
[39 49],-10.14052399258799,-0.527298848283918,-7.5991034296875,-0.5204411429838633
[39 50],-10.423989864716344,-10.251962746766093,-0.5209163698159849,-0.5803781403014907
[39 51],-9.731262747564074,-10.075687999211423,-0.5501146559179977,-0.5650076922089727
[39 52],-9.92807893611424,-9.712337831000875,-0.5698847499088446,-0.5560894910053038
[39 53],-10.230689720494748,-10.372073095518225,-0.5706879233606839,-0.5220708484881951
[39 54],-9.71402659087039,-9.724129387814878,-0.5353300190303814,-0.5212500342507677
[39 55],-9.029520913566502,-0.5231383348880267,-0.5366349747337296,-9.607720117688462
[40 55],-0.5384775432852239,-0.5319364989407724,-9.697826958177512,-10.050712087056707
[41 55],-0.5424385895310988,-0.5388856191797776,-10.199443078679922,-7.733892033806645
[42 55],-0.5498645660674091,-0.5141762147022744,-9.60907123464031,-10.029537706024007
[43 55],-0.5364086587436486,-0.5496161960483941,-10.265755798453345,-0.5421966115736637
[44 55],-0.5387320841760023,-0.5225719679475069,-10.371658628762189,-10.33274632511204
[43 56],-10.054322448399233,-10.23577745022444,-0.5474301957666383,-0.5794974260146987
[43 57],-10.250631706691562,-9.5404829296875,-0.5713824373771886,-0.5735899142486249
[43 58],-8.966627938595703,-10.314101262904751,-0.5730381269578647,-0.5745669689418268
[43 59],-0.5877904247558579,-10.307390731852133,-0.581396862998506,-10.431935491959429
[45 55],-0.5057585753930234,-8.8919830859375,-10.068119789233197,-0.5070030311155657
[45 56],-7.664950064925952,-10.046956171289064,-0.5257275366707643,-0.4635769655012798
[45 57],-9.529600618183593,-9.665241410281652,-0.47568023970685364,-0.4713814635744873
[45 58],-5.0,-8.976938865574708,-0.4832602982119206,-8.94883887040918
[42 59],-0.5927781603090938,-0.586328392858541,-10.312841846835452,-10.454025323653667
[41 59],-9.071279113235779,-0.5982302535566324,-7.6789434034570485,-0.5942116773074755
[41 60],-10.069630107622721,-10.103525706188321,-0.6059876213342101,-0.6285668571823719
[41 61],-10.414800976178462,-0.6003676860926292,-0.5958622197471619,-10.26499280399721
[42 61],-0.5950867086945519,-0.6061641914754278,-9.721507794290442,-10.127113071915865
[43 61],-0.6153752807858972,-0.6039252929022128,-10.091325335150428,-10.125047967868355
[44 61],-0.6183006081959243,-0.6018247800876465,-9.704566771547238,-9.704492892491904
[45 61],-0.6096603974407799,-0.6193414670991128,-10.323567998883533,-10.087437630167745
[46 61],-0.6163277133515235,-0.6029467686066132,-10.321082829727736,-10.468424032105196
[47 61],-0.6145882265341427,-10.288108108653939,-0.606195451684403,-9.04057193591908
[47 60],-10.334331123313785,-10.34452847873963,-0.6254622061489759,-0.6260240553418259
[47 59],-10.15639445037015,-8.977649517380616,-0.6231022061567608,-0.6338907461208552
[47 58],-10.441000541505353,-10.416287505140769,-0.59586319910046,-0.6342305773222949
[47 57],-10.400361841627689,-10.222521691180487,-0.5826247576248513,-0.600300110550912
[47 56],-9.681157850465791,-9.972666793863588,-0.5732134696042737,-0.5781046732618229
[47 55],-10.356647618285773,-7.748733223367076,-0.576930715433086,-0.5725884300224814
[47 54],-10.315472876829688,-9.671729562914397,-0.5749009280577633,-0.5802621805106175
[47 53],-0.5811233675996434,-10.375795582819737,-0.5719774568600888,-0.5819266129520257
[46 53],-0.5718107219220199,-0.5854363852290847,-9.97361006132909,-10.134971366622803
[47 52],-8.793875,-10.41504776746394,-0.5760032160066012,-0.5775332617932022
[45 53],-10.328784033191422,-0.5818132437433184,-0.5596399805280124,-9.969901971586609
[47 51],-9.720470124467354,-5.0,-5.0,-0.5636194099468385
[45 52],-10.228967518465218,-10.078993589946965,-0.5340404097169166,-0.566561464834122
[45 51],-7.53375,-7.707405322581513,-0.5092403869051487,-0.5282002219598305
[45 50],-9.963352097236754,-7.677079158346366,-0.5166492992405463,-0.5218352243333575
[45 49],-7.672562934859717,-0.5277310692336159,-10.036968606818599,-0.5254689853223857
[46 49],-0.520904681275373,-0.5271185941294112,-10.0401497337662,-9.628095875958252
[47 49],-0.5330244349332542,-8.916912476240235,-0.5379004764425995,-7.68036275779248
[47 48],-9.039615470444826,-7.733920621278788,-0.534384582450302,-0.5312740345414786
[47 47],-10.35944609162648,-9.593070668979493,-0.5294984646137708,-0.5456094286046218
[47 46],-10.196331075937625,-10.209463049885706,-0.5249486750552377,-0.5439784855129229
[47 45],-0.4959714476185674,-10.184708088293558,-0.518080378279693,-0.5379972722219739
[46 45],-0.4898441682872603,-0.49685430141414255,-8.90801913088086,-9.674178726721749
[45 45],-10.140880323332043,-0.4854963798535425,-9.909320581425781,-0.48374180712354536
[45 46],-10.294450085015537,-10.280175847284184,-0.49496588399866287,-0.47380238197000346
[47 44],-10.269441628549593,-8.94830124217913,-0.5130391125525514,-0.523150967784572
[47 43],-0.5086751351841216,-9.013624547624305,-5.0,-0.521765620040767
[46 43],-0.5135024491052306,-0.5239888161020605,-9.602879674282116,-10.214482791214955
[45 43],-10.381731507114806,-0.5278181432692486,-0.5278701494523057,-10.001361778159836
[45 42],-7.57631015625,-9.03899979942231,-0.5470339116977809,-0.5319228989401392
[45 41],-9.58384512361333,-9.092016236481646,-0.5412786325312543,-0.5445923768846465
[45 47],-0.42842016304907715,-9.425625,-0.49753826975140786,-10.053284538131983
[44 47],-0.41817638202945556,-0.41265405625317386,-8.87599015625,-5.0
[45 40],-10.253883272843273,-9.732952982316124,-0.5341730612361102,-0.5479299100469632
[45 39],-10.143244474842865,-0.5377307947978689,-8.88465834453125,-0.5463549238348155
[46 39],-0.5482145854663896,-0.5324555085864489,-10.293721754131877,-9.71438364418411
[47 39],-0.53568108649824,-10.034265913666609,-7.718306997354237,-0.5317990027855556
[47 40],-9.635430258713203,-10.01500166512911,-0.5203682485988835,-0.5188056035654409
[47 41],-8.873762051562501,-8.8489240625,-0.5226713448346703,-8.8489240625
[43 47],-9.938990153782921,-0.4384264105010742,-0.41725955343996585,-7.5
[43 46],-9.599360181365626,-8.885048937499999,-0.39048443081250006,-0.43735623137885504
[43 45],-9.897542733535156,-8.972134380136719,-0.37383189786621096,-0.40026781848925785
[43 44],-8.8576625,-9.903919049316407,-0.389154036366211,-0.4042191059750977
[43 43],-10.080571933520508,-10.327124377641905,-0.4072526405570802,-0.40405084394238283
[43 42],-7.5225,-8.94215237117854,-0.37973851041640627,-0.4062938075324708
[43 41],-8.85208953125,-5.0,-0.40160577377612305,-0.37249615199023445
[43 40],-9.578837097572753,-9.906288819984862,-0.3940361183919214,-0.3853122874121094
[43 39],-0.35570691333198245,-7.5225,-8.87429491484375,-0.39092960325292975
[42 39],-0.374967776334961,-0.3634112966796875,-8.944285430910107,-9.622136061665039
[41 39],-10.245436585561524,-0.3771626664697266,-9.50002377103711,-0.3574493206453614
[41 40],-5.0,-8.8787421875,-0.35725635530029304,-0.35287705289062504
[41 41],-0.3747685574853516,-7.60728418359375,-0.35707555619223635,-7.638277649179687
[40 41],-0.3729138676582032,-0.38458554999353767,-9.8774187453125,-8.895555201757812
[39 41],-8.820875,-0.3874411093339988,-0.3733928821191407,-7.5225
[39 40],-8.928747914023438,-5.0,-0.37765119173437506,-0.3873104039404297
[39 39],-9.494648671875,-10.044703775390627,-0.35685012898437507,-0.3927581851567383
[39 38],-7.60170871875,-8.91628157421875,-0.35056321132812507,-0.3607568610825196
[39 37],-5.0,-0.35295560126953135,-10.230999629199218,-0.35854014423828134
[40 37],-0.368553753076172,-0.30019051171875005,-9.536139375,-7.5225
[41 37],-0.30889884843750004,-0.269606109375,-8.7725,-5.0
[42 37],-0.2830284140625,-0.265286328125,-5.0,-9.5565320390625
[43 37],-0.280870390625,-0.26142180546875005,-5.0,-5.0
[44 37],-0.28568539062500004,-0.27840332890625,-9.873279300781249,-5.0
[45 37],-0.29169204687500006,-0.29182676562500004,-8.812156250000001,-9.54700911796875
[46 37],-0.29637018359375006,-0.265850859375,-9.408750000000001,-7.5
[47 37],-0.27163560937500003,-9.98245828125,-0.24758015625000002,-9.8641963671875
[47 36],-5.0,-5.0,-0.2577403125,-0.259421484375
[47 35],-0.24369687500000003,-8.8158125,-0.27303634062500004,-0.2743041796875
[46 35],-0.266914765625,-0.27409950781250003,-10.14300345703125,-8.83184375
[45 35],-0.2702563671875,-0.28632611328125,-9.952453125000002,-7.59443390625
[44 35],-0.24806250000000002,-0.288656069140625,-8.8976657421875,-7.5545625
[43 35],-0.20318750000000002,-0.273846796875,-9.857276562500001,-8.887151562500001
[42 35],-0.14750000000000002,-0.2431925,-7.5,-9.432375
[41 35],-0.256629515625,-0.20237187500000003,-5.0,-9.414375
[40 35],-0.23268937500000003,-0.24052781250000002,-7.5,-8.84221765625
[47 34],-5.0,-8.8881151953125,-0.29064787109375007,-0.25863476562500004
[47 33],-0.3156088151367188,-7.6023238125,-10.002656583984376,-0.29254578125
[46 33],-0.28848783281250007,-0.30685101269531256,-5.0,-8.869862200390624
[45 33],-5.0,-0.29312722382812506,-0.28822140429687504,-8.8577046875
[45 32],-7.59883828125,-8.898257421875,-0.29596033203125005,-0.29923236517578133
[45 31],-8.798937500000001,-8.8722565625,-0.27761060156250006,-0.3009529765625001
[45 30],-9.51294113671875,-5.0,-0.293111375,-0.28770867187500004
[45 29],-5.0,-7.60454625,-0.29766987500000003,-0.309896216796875
[45 28],-8.75,-5.0,-0.29894112890625,-0.3101283552734375
[45 27],-5.0,-0.30474279570312507,-9.56484009375,-0.28276746093750005
[46 27],-0.30837762500000004,-0.29241761953125,-5.0,-7.604379609375
[47 27],-0.29752429687500004,-8.827625,-0.28560754765625,-0.3214436907617188
[47 28],-9.88527753125,-9.52102440234375,-0.3124053294921876,-0.3377363713007814
[47 26],-9.990424828125,-7.61840428125,-0.29379575855468754,-0.29549921562500003
[47 25],-0.284912294140625,-9.877430915175783,-7.6181831101171875,-0.30238692968750003
[46 25],-0.26932140703125,-0.3046233171875,-7.620635040234375,-9.551187540234375
[45 25],-9.4806628125,-0.289200821484375,-0.29225746484375004,-5.0
[45 24],-10.04482691015625,-5.0,-0.291538895703125,-0.29571286718750006
[45 23],-5.0,-0.26614685156250006,-8.8533875,-0.31172530156250006
[46 23],-0.28005718828125004,-0.28248430542968755,-5.0,-7.61465015625
[47 23],-0.293809296875,-8.852501562499999,-0.3004386339843751,-9.4939378125
[47 22],-7.600279828125,-7.6232453953125,-0.29010956035156255,-0.30318255468750005
[47 29],-9.917072962560546,-7.532625,-0.3415425285351563,-0.31662096796875
[47 21],-7.605796219921875,-5.0,-0.29184647087890625,-0.3049332265625001
[47 20],-5.0,-7.5963501328125,-0.28407667968750006,-0.31862996972656255
[47 19],-5.0,-7.608999140625,-0.24222031250000003,-0.30473203160156254
[47 18],-5.0,-5.0,-0.24394654687500003,-0.266324903515625
[47 17],-0.21179093750000005,-5.0,-5.0,-0.27058359375
[46 17],-0.24920156250000003,-0.24722984375000004,-7.54843125,-7.5545625
[45 17],-0.29752752769531254,-0.26254757812500007,-5.0,-9.8606138046875
[44 17],-0.29873329765625,-0.29476902734375005,-9.470644828125,-7.559625
[43 17],-0.28450548046875,-0.31355124921875,-0.2850280394140626,-7.5495
[42 17],-0.23704734375000006,-0.31131731191406253,-7.5225,-8.78375
[41 17],-7.57813125,-0.25075286718750006,-5.0,-0.23894718750000005
[43 16],-9.454875000000001,-9.476896875000001,-0.29594808359375,-0.29962623593750004
[41 18],-5.0,-7.5838265625,-0.2445890625,-0.25668773437500003
[43 15],-7.621014411328125,-0.29459108046875004,-9.47715,-0.3064707855078126
[44 15],-0.2873619921875,-0.30602964453125003,-7.61833296328125,-7.61833296328125
[45 15],-0.3099319179687501,-0.282719957421875,-9.879947861328125,-5.0
[46 15],-0.28521763671875,-0.2848555585546876,-7.613874957421875,-8.86495671875
[47 15],-0.27774470039062504,-5.0,-9.524831581992188,-5.0
[41 19],-9.43125,-9.4961878125,-0.25834218750000004,-0.24813210937500002
[41 20],-7.5225,-5.0,-0.25429640625000005,-0.2491016484375
[41 21],-9.5169594609375,-8.81328125,-0.25127226562500005,-0.24402312500000004
[41 22],-5.0,-7.574334375,-0.2355546875,-0.24658171875
[41 23],-7.5,-0.258112265625,-0.25812843750000003,-8.8214375
[42 23],-0.27254812500000003,-0.25183203125000003,-8.8214375,-5.0
[43 23],-0.2866949375,-8.78375,-0.26642671875,-0.289741001953125
[43 24],-8.8378625,-8.8434875,-0.3027591328125,-0.3006899726562501
[43 25],-7.559625,-9.56557278515625,-0.311752825390625,-0.26199781250000004
[43 26],-8.925501845703124,-7.61729559375,-0.273065,-0.30348858945312507
[43 27],-0.31739692968750005,-5.0,-0.31089497070312505,-7.5685096875
[43 22],-9.47608125,-9.4245,-0.25326309375,-0.25361718750000006
[43 21],-9.883125,-0.215838125,-10.1032522109375,-0.25699640625
[44 21],-0.22571281249999997,-0.20996562500000004,-7.5662315625,-5.0
[45 21],-0.21140984375,-5.0,-0.25252220390625,-7.5
[45 20],-8.866355016406251,-7.5646875,-0.22867523437500004,-0.24619380468750002
[45 19],-0.23407171875000005,-7.53375,-5.0,-0.18900000000000003
[44 19],-0.2319875,-0.22350937500000004,-5.0,-8.835269375
[43 19],-5.0,-0.23733406250000003,-5.0,-5.0
[42 27],-0.31667098828125007,-0.3230861970703126,-7.6088064140625,-8.89071208203125
[41 27],-9.901844835312499,-0.3165822960937501,-0.36832050718212894,-0.3358313966210938
[41 28],-8.890328425742187,-9.894228734902345,-0.3381744409765625,-0.35334670441699223
[41 29],-8.8972056875,-9.54673996875,-0.34982101368164065,-0.3655482600770996
[41 26],-8.954377308699218,-7.5225,-0.3771579860923828,-0.3593388438867188
[41 25],-8.988442735527734,-8.959823073549805,-9.619793585808106,-0.383128262466797
[41 30],-9.8403003125,-9.967770000000002,-0.3623896960185547,-0.3982694907521973
[41 31],-9.951723574851421,-0.4272381382604653,-0.39805630893344734,-9.513200625
[42 31],-0.43310748206132066,-0.44338754472061237,-9.554859235936481,-10.161871544121151
[43 31],-0.45678920149470553,-10.12266387143844,-0.4851992854864984,-0.45417719218460073
[43 30],-9.645981688295926,-8.985500699857564,-0.4674237108245667,-0.4767954187928083
[43 29],-8.947627407099109,-9.3975,-8.877030439003907,-0.47058502416122117
[43 32],-5.0,-10.226459690761718,-0.46540622805806314,-0.45331699487221067
[43 33],-0.44913046087609626,-9.97929435800405,-0.47051431219008516,-9.842110156250001
[42 33],-0.4164393145293458,-0.46537941553122153,-9.8632221875,-8.846553125
[41 33],-0.4176975545760255,-0.4255901079455567,-8.9366471046875,-9.64509000645381
[40 33],-0.41658491874697756,-0.4283438553166749,-9.977103915277343,-7.61372146875
[39 33],-0.41508632711687016,-0.40821948455468754,-9.96383130674829,-7.670964428694609
[38 33],-0.4453035381143846,-0.42315275975117195,-8.932709237304687,-7.676641975966113
[37 33],-0.40585537474885747,-0.4403812752268189,-9.8191323828125,-10.151450271576563
[36 33],-0.4379501636087356,-0.4262791913863526,-9.905938988229732,-7.62718360546875
[35 33],-0.44445701742604743,-0.4495940747143946,-9.904301649863282,-9.682423407796726
[34 33],-0.4147795717700318,-0.46032419604568126,-9.652523022103836,-10.017778660757497
[33 33],-9.830964921875,-0.4496220807068629,-0.3786124280244141,-10.059786960174316
[33 32],-8.972395174121093,-8.783750000000001,-0.3646593106933594,-0.400078528035791
[33 31],-0.3572994767578125,-0.33229273170898443,-9.4608375,-0.38419231600341797
[34 31],-0.3387774828125001,-0.31830484511718754,-8.795,-9.494265468750001
[35 31],-0.3386396689746094,-0.3087314046679688,-7.586788125,-7.539375
[36 31],-0.3236320913671875,-0.3077848083984376,-7.5961875,-5.0
[32 31],-0.3717786545263672,-0.37209789369287116,-9.567579765820312,-8.955913630012695
[31 31],-7.5,-0.3904778499233399,-7.5,-0.3886059771401368
[37 31],-0.31636003828125003,-0.28890215234375005,-8.904642918359375,-8.9065648296875
[38 31],-0.29693366796875004,-0.2965271601171875,-8.900946653515625,-9.49250610234375
[39 31],-0.29852683671875,-5.0,-0.26736608671875006,-5.0
[39 30],-10.08990671953125,-7.60042234453125,-0.2656248828125,-0.24727148437500002
[39 29],-7.5,-5.0,-0.2351290625,-0.2667827890625
[39 28],-9.479328281250002,-7.59307828125,-0.2663578828125,-0.24639875
[39 27],-5.0,-5.0,-5.0,-0.258445546875
[31 32],-9.628104530772283,-8.897597358886719,-0.4092526578488526,-0.4259828732855469
[31 33],-10.272363622704127,-9.650710986136012,-0.43027961255751473,-0.4018014689741211
[31 34],-9.54858868480957,-9.5204878125,-0.416344203192533,-0.4148094219156738
[31 35],-8.86966484375,-0.4224362111868714,-0.42869368116142825,-0.41721905993002933
[31 36],-7.6595285455341795,-9.985824650437841,-0.4333587687765778,-0.4221387525321534
[31 37],-7.57459734375,-9.547366639453125,-0.4297111974192759,-10.08862801845996
[32 35],-0.4296567204736633,-0.4074411515864258,-8.89761086328125,-9.567611940820314
[33 35],-0.4122913441260804,-0.3801571985615234,-9.476103180468751,-7.62140533125
[34 35],-0.3836547425439454,-0.3539531230086914,-10.126180457814453,-10.025275909394532
[35 35],-0.35922368927050785,-7.5225,-7.627610089453125,-8.877610089453125
[47 30],-9.738125,-9.829511551953125,-0.33011508105468756,-0.31079089062500004
[47 31],-8.8606509921875,-5.0,-0.32165176270507817,-5.0
[39 35],-0.21632890625,-0.24200578125000005,-5.0,-5.0
[38 35],-0.23013125000000004,-0.22902031250000005,-7.5761034375,-9.484009687499999
[37 35],-5.0,-0.24611750000000004,-9.414375,-0.22283437500000003
[37 36],-7.578789375,-8.8689321875,-0.24030435937500003,-0.21726562500000005
[37 37],-0.20971250000000002,-5.0,-0.23990765625000005,-8.7725
[36 37],-0.20870000000000002,-0.24007568750000002,-7.53375,-5.0
[35 37],-0.1749190625,-0.2242510859375,-8.75,-8.8455125
[34 37],-0.18670312500000003,-0.2004875,-5.0,-5.0
[33 37],-7.5225,-0.21013125,-7.5225,-0.19536562500000001
[33 38],-5.0,-5.0,-0.20045625,-0.16468125000000003
[33 39],-0.13137500000000002,-5.0,-0.15900000000000003,-5.0
[32 39],-0.12125000000000001,-0.13812500000000003,-7.5489375,-8.805125
[31 39],-0.07500000000000001,-0.15275,-7.5225,-7.5
[30 39],-0.05,-0.10875000000000001,-5.0,-5.0
[29 39],-5.0,-0.05,-0.05,-5.0
[29 38],0.0,-5.0,0.0,-0.05
[41 43],-0.46368484224781714,-9.017886330567471,-10.092992888342286,-0.4703843881470714
[41 44],-10.320960582747695,-9.952629770675586,-0.4803676182745254,-0.45977107828128233
[41 45],-0.45491039865875227,-8.984892506404663,-0.47572990437978624,-10.261397094028688
[40 45],-0.4671830080716367,-0.4686075840969866,-9.937916915738134,-7.697458109606653
[39 45],-7.593464296875,-0.4672676204530671,-7.593464296875,-8.933963998293946
[33 42],-5.0,-5.0,-0.3442943713476563,-0.3451527100400391
[33 43],-0.32887225692382815,-5.0,-0.3474963994160157,-8.8790290625
[32 43],-0.322207879296875,-0.328681943459961,-7.624305231445312,-5.0
[31 43],-7.5,-0.31506986328125003,-7.6137246890625,-5.0
[41 63],-0.13012500000000002,-0.1325,-5.0,-5.0
[42 63],-0.107625,-0.13875000000000004,-5.0,-5.0
[43 63],-0.13593125,-0.08750000000000001,-5.0,-5.0
[44 63],-0.12000000000000002,50.0,-5.0,0.0
terminal,0.0,0.0,0.0,0.0
